mrio,mrio62,mrio_code,mrio_name,iso_num
1,1,AUS,Australia,36
2,2,AUT,Austria,40
3,3,BEL,Belgium,56
4,4,BGR,Bulgaria,100
5,5,BRA,Brazil,76
6,6,CAN,Canada,124
7,7,SWI,Switzerland,756
8,8,PRC,People's Republic of China,156
9,9,CYP,Cyprus,196
10,10,CZE,Czech Republic,203
11,11,GER,Germany,276
12,12,DEN,Denmark,208
13,13,SPA,Spain,724
14,14,EST,Estonia,233
15,15,FIN,Finland,246
16,16,FRA,France,250
17,17,UKG,United Kingdom,826
18,18,GRC,Greece,300
19,19,HRV,Croatia,191
20,20,HUN,Hungary,348
21,21,INO,Indonesia,360
22,22,IND,India,356
23,23,IRE,Ireland,372
24,24,ITA,Italy,380
25,25,JPN,Japan,392
26,26,KOR,Republic of Korea,410
27,27,LTU,Lithuania,440
28,28,LUX,Luxembourg,442
29,29,LVA,Latvia,428
30,30,MEX,Mexico,484
31,31,MLT,Malta,470
32,32,NET,Netherlands,528
33,33,NOR,Norway,578
34,34,POL,Poland,616
35,35,POR,Portugal,620
36,36,ROM,Romania,642
37,37,RUS,Russian Federation,643
38,38,SVK,Slovak Republic,703
39,39,SVN,Slovenia,705
40,40,SWE,Sweden,752
41,41,TUR,T�rkiye,792
42,42,TAP,"Taipei,China",158
43,43,USA,United States,840
44,44,BAN,Bangladesh,50
45,45,MAL,Malaysia,458
46,46,PHI,Philippines,608
47,47,THA,Thailand,764
48,48,VIE,Viet Nam,704
49,49,KAZ,Kazakhstan,398
50,50,MON,Mongolia,496
51,51,SRI,Sri Lanka,144
52,52,PAK,Pakistan,586
53,53,FIJ,Fiji,242
54,54,LAO,Lao People's Democratic Republic,418
55,55,BRU,Brunei Darussalam,96
56,56,BHU,Bhutan,64
57,57,KGZ,Kyrgyz Republic,417
58,58,CAM,Cambodia,116
59,59,MLD,Maldives,462
60,60,NEP,Nepal,524
61,61,SIN,Singapore,702
62,62,HKG,"Hong Kong, China",344
63,,ARG,Argentina,32
64,,COL,Colombia,170
65,,ECU,Ecuador,218
66,,ARM,Armenia,51
67,,GEO,Georgia,268
68,,EGY,Egypt,818
69,,KUW,Kuwait,414
70,,SAU,Saudi Arabia,682
71,,UAE,United Arab Emirates,784
72,,NZL,New Zealand,554
73,63,ROW,Rest of the world,